{
  "roc_auc": 0.7323360241268465,
  "classification_report": {
    "0": {
      "precision": 0.9732597006249092,
      "recall": 0.9977651966626937,
      "f1-score": 0.9853601118222615,
      "support": 6712.0
    },
    "1": {
      "precision": 0.4827586206896552,
      "recall": 0.0707070707070707,
      "f1-score": 0.12334801762114538,
      "support": 198.0
    },
    "accuracy": 0.9712011577424023,
    "macro avg": {
      "precision": 0.7280091606572822,
      "recall": 0.5342361336848822,
      "f1-score": 0.5543540647217035,
      "support": 6910.0
    },
    "weighted avg": {
      "precision": 0.9592048216340003,
      "recall": 0.9712011577424023,
      "f1-score": 0.9606599099913179,
      "support": 6910.0
    }
  }
}