mean_rmse,sd_rmse,model
250.70754889091464,16.46564612841151,linear
250.60722927884515,17.460616129039348,polynomial
