cluster,n,recency_weeks,monetary_90d,engagement_rate,churn_rate
3,104,15.001442307692308,897.533173076923,0.8012019230769231,0.09615384615384616
1,137,7.9113868613138685,290.97,0.5974306569343065,0.051094890510948905
2,159,2.112264150943396,58.27352201257862,0.1887358490566038,0.4088050314465409
