channel,ad_spend,clicks,conversions,revenue,conversion_rate,cac,roi,roas
Facebook,13507,60918,4165,33301.76,6.837059653961062,3.2429771908763505,1.465518619974828,2.465518619974828
Google,10561,58329,4532,31633.82,7.769720036345556,2.3303177405119153,1.9953432440109837,2.995343244010984
Instagram,18692,55304,4930,42600.979999999996,8.914364241284536,3.7914807302231237,1.2791022897496254,2.279102289749625
LinkedIn,11791,48184,4049,23377.88,8.403204383197743,2.9120770560632256,0.9826884912221187,1.9826884912221185
TikTok,9186,53035,3511,22789.77,6.620156500424248,2.6163486186271716,1.4809242325277596,2.4809242325277596
Twitter,16132,40423,4026,37139.17,9.959676421839053,4.006954793840039,1.30220493429209,2.30220493429209
YouTube,18055,49427,3204,36519.78,6.482287009124568,5.635143570536829,1.0226962060371088,2.022696206037109
